,loss,mean_absolute_error,mean_squared_error,val_loss,val_mean_absolute_error,val_mean_squared_error
0,65.44160461425781,0.12469622492790222,0.0366646908223629,93.84005737304688,0.5176235437393188,0.3896760642528534
