,loss,mean_absolute_error,mean_squared_error,val_loss,val_mean_absolute_error,val_mean_squared_error
0,10.035518646240234,0.11245569586753845,0.03853559121489525,65.97200775146484,0.7770084738731384,1.6237585544586182
