,loss,mean_absolute_error,mean_squared_error,val_loss,val_mean_absolute_error,val_mean_squared_error
0,6.98821496963501,0.07836024463176727,0.021933451294898987,66.50205993652344,0.784110426902771,1.9589321613311768
1,3.691434383392334,0.041343674063682556,0.0027027991600334644,78.9689712524414,0.9318900108337402,3.081538200378418
2,3.4681296348571777,0.03883989900350571,0.0023571213241666555,71.07676696777344,0.8373314142227173,2.749772071838379
3,3.4315898418426514,0.03843510150909424,0.002312827156856656,72.56275939941406,0.8545638918876648,3.0286781787872314
4,3.2245874404907227,0.03611192852258682,0.002048315480351448,83.1527099609375,0.979965329170227,4.276109218597412
