,loss,mean_absolute_error,mean_squared_error,val_loss,val_mean_absolute_error,val_mean_squared_error
0,9.284775733947754,0.10413462668657303,0.030082281678915024,55.15060043334961,0.6501629948616028,1.1873775720596313
1,4.0273942947387695,0.045120324939489365,0.003214894561097026,62.6216926574707,0.7384504675865173,1.8708055019378662
2,3.5542211532592773,0.03980746865272522,0.002492896979674697,72.87818908691406,0.8596814870834351,2.7263095378875732
