,loss,mean_absolute_error,mean_squared_error,val_loss,val_mean_absolute_error,val_mean_squared_error
0,7.212526321411133,0.08078990876674652,0.026767589151859283,11.86959171295166,0.1392289400100708,0.05440855398774147
