,loss,mean_absolute_error,mean_squared_error,val_loss,val_mean_absolute_error,val_mean_squared_error
0,10.130086898803711,0.11359918117523193,0.03939804807305336,66.3905029296875,0.7827171087265015,1.6177120208740234
