,loss,mean_absolute_error,mean_squared_error,val_loss,val_mean_absolute_error,val_mean_squared_error
0,60.93070983886719,0.12299134582281113,0.031265031546354294,42.18470001220703,0.35033711791038513,0.20842395722866058
