,loss,mean_absolute_error,mean_squared_error,val_loss,val_mean_absolute_error,val_mean_squared_error
0,7.092015743255615,0.07953864336013794,0.024320337921380997,63.66115188598633,0.7505777478218079,1.8717306852340698
1,3.9579925537109375,0.04431810602545738,0.0030873159412294626,71.80691528320312,0.8464809060096741,2.6967570781707764
2,3.4850308895111084,0.0390302836894989,0.0023973307106643915,78.012451171875,0.9190790057182312,3.432940721511841
