,loss,mean_absolute_error,mean_squared_error,val_loss,val_mean_absolute_error,val_mean_squared_error
0,62.53742218017578,0.12659302353858948,0.03631196171045303,53.20259475708008,0.44522231817245483,0.3284914791584015
