,loss,mean_absolute_error,mean_squared_error,val_loss,val_mean_absolute_error,val_mean_squared_error
0,56.47776794433594,0.11747942864894867,0.030344417318701744,58.42516326904297,0.33656811714172363,0.1690671145915985
