,loss,mean_absolute_error,mean_squared_error,val_loss,val_mean_absolute_error,val_mean_squared_error
0,6.952428817749023,0.07790548354387283,0.025288540869951248,42.37900161743164,0.4995081126689911,0.9804887175559998
1,3.669053792953491,0.041100844740867615,0.0026682286988943815,40.64580154418945,0.47931838035583496,0.981567919254303
2,3.581500291824341,0.04011637344956398,0.002541841473430395,39.18093490600586,0.4613887369632721,0.9162917733192444
3,3.4450204372406006,0.03857821598649025,0.0023292896803468466,32.317298889160156,0.3808039426803589,0.7010096907615662
4,3.279217004776001,0.03672145679593086,0.0021255097817629576,31.039148330688477,0.3654339611530304,0.6622233390808105
