,loss,mean_absolute_error,mean_squared_error,val_loss,val_mean_absolute_error,val_mean_squared_error
0,58.19288635253906,0.11481718719005585,0.028249090537428856,34.12464904785156,0.21673683822155,0.0842527449131012
