,loss,mean_absolute_error,mean_squared_error,val_loss,val_mean_absolute_error,val_mean_squared_error
0,9.570948600769043,0.1074020192027092,0.03324272483587265,46.336273193359375,0.5458707809448242,0.7764517068862915
