,loss,mean_absolute_error,mean_squared_error,val_loss,val_mean_absolute_error,val_mean_squared_error
0,6.844115257263184,0.07666242122650146,0.020558364689350128,88.84246826171875,1.0465724468231201,3.4653561115264893
