,loss,mean_absolute_error,mean_squared_error,val_loss,val_mean_absolute_error,val_mean_squared_error
0,7.308151721954346,0.08195936679840088,0.025817129760980606,47.661128997802734,0.5617679357528687,1.1349818706512451
