,loss,mean_absolute_error,mean_squared_error,val_loss,val_mean_absolute_error,val_mean_squared_error
0,9.69940185546875,0.108734130859375,0.03114986978471279,51.7129020690918,0.6094220876693726,1.0646700859069824
1,4.114417552947998,0.04608234018087387,0.003405314404517412,63.19648361206055,0.7451941967010498,1.941848635673523
2,3.7404377460479736,0.0418950580060482,0.0027674627490341663,73.52523040771484,0.8657106757164001,2.805328845977783
3,3.483065128326416,0.03900909796357155,0.0024029279593378305,85.28022766113281,1.0063356161117554,4.348025321960449
4,3.236220121383667,0.036251746118068695,0.0020644974429160357,88.27503204345703,1.0414010286331177,4.914158344268799
