,loss,mean_absolute_error,mean_squared_error,val_loss,val_mean_absolute_error,val_mean_squared_error
0,10.195213317871094,0.11423859000205994,0.03489173576235771,41.60194396972656,0.48956164717674255,0.6785897016525269
