,loss,mean_absolute_error,mean_squared_error,val_loss,val_mean_absolute_error,val_mean_squared_error
0,61.208560943603516,0.11818764358758926,0.0321928933262825,38.0401611328125,0.25112026929855347,0.11658114939928055
