,loss,mean_absolute_error,mean_squared_error,val_loss,val_mean_absolute_error,val_mean_squared_error
0,6.875904560089111,0.07703982293605804,0.02353447489440441,72.40973663330078,0.8524999022483826,2.4966256618499756
