,loss,mean_absolute_error,mean_squared_error,val_loss,val_mean_absolute_error,val_mean_squared_error
0,63.275360107421875,0.12403957545757294,0.03394496440887451,58.42721176147461,0.24243301153182983,0.08909060060977936
