,loss,mean_absolute_error,mean_squared_error,val_loss,val_mean_absolute_error,val_mean_squared_error
0,9.280654907226562,0.10407985746860504,0.02902001142501831,39.976375579833984,0.47067439556121826,0.5998437404632568
1,3.9545702934265137,0.04429866001009941,0.0031251509208232164,36.80426025390625,0.4337814748287201,0.7124933004379272
2,3.6244964599609375,0.0405910350382328,0.0025807758793234825,46.377586364746094,0.5467554330825806,1.3535264730453491
3,3.4351329803466797,0.03847062587738037,0.0023271129466593266,52.98948287963867,0.6254855990409851,1.9523423910140991
4,3.2119359970092773,0.03597418963909149,0.0020456770434975624,59.68987274169922,0.7045246362686157,2.6377246379852295
