,loss,mean_absolute_error,mean_squared_error,val_loss,val_mean_absolute_error,val_mean_squared_error
0,69.91423797607422,0.12351784110069275,0.031808480620384216,53.147335052490234,0.2519075274467468,0.10756657272577286
