,loss,mean_absolute_error,mean_squared_error,val_loss,val_mean_absolute_error,val_mean_squared_error
0,59.05564880371094,0.11821436136960983,0.03179902955889702,67.93103790283203,0.3904086947441101,0.24005506932735443
