,loss,mean_absolute_error,mean_squared_error,val_loss,val_mean_absolute_error,val_mean_squared_error
0,62.703468322753906,0.1217736005783081,0.03454762324690819,53.86372756958008,0.32857322692871094,0.18816633522510529
