,loss,mean_absolute_error,mean_squared_error,val_loss,val_mean_absolute_error,val_mean_squared_error
0,9.881197929382324,0.11079693585634232,0.03487120941281319,41.219078063964844,0.48558393120765686,0.6518652439117432
